termo,intensidade,alvo
droga,leve,desabafo
drogas,leve,desabafo
porcaria,leve,desabafo
porcarias,leve,desabafo
lixo,leve,desabafo
lixos,leve,desabafo
bosta,medio,desabafo
bostas,medio,desabafo
merda,medio,desabafo
merdas,medio,desabafo
inferno,leve,desabafo
caramba,leve,desabafo
caraca,leve,desabafo
oxente,leve,desabafo
eita,leve,desabafo
credo,leve,desabafo
saco,leve,desabafo
saquei,leve,desabafo
chato,leve,desabafo
chata,leve,desabafo
chatice,leve,desabafo
droguinha,leve,desabafo
maldito,medio,desabafo
maldita,medio,desabafo
danado,leve,desabafo
danada,leve,desabafo
porra,medio,desabafo
poha,medio,desabafo
pora,medio,desabafo
caralho,pesado,desabafo
carai,medio,desabafo
caraio,medio,desabafo
foda,medio,desabafo
fodase,pesado,desabafo
foda-se,pesado,desabafo
puta,medio,desabafo
putas,medio,desabafo
putaquepariu,pesado,desabafo
pqp,medio,desabafo
vsf,pesado,desabafo
tnc,medio,desabafo
krl,medio,desabafo
mds,leve,desabafo
affs,leve,desabafo
aff,leve,desabafo
puto,medio,desabafo
puta merda,pesado,desabafo
inacreditavel,leve,desabafo
absurdo,leve,desabafo
absurdos,leve,desabafo
ridiculo,medio,desabafo
ridiculos,medio,desabafo
palhacada,medio,desabafo
palhacadas,medio,desabafo
vergonha,leve,desabafo
vergonhoso,medio,desabafo
vergonhosa,medio,desabafo
descaso,leve,desabafo
caos,leve,desabafo
zueira,leve,desabafo
lastimavel,medio,desabafo
lamentavel,leve,desabafo
lamentavel,leve,desabafo
pior,leve,desabafo
piorou,leve,desabafo
horrivel,leve,desabafo
horroroso,medio,desabafo
nojento,pesado,desabafo
nojenta,pesado,desabafo
nojo,medio,desabafo
asqueroso,pesado,desabafo
asquerosa,pesado,desabafo
patetico,medio,desabafo
patetica,medio,desabafo
idiota,medio,pessoa
idiotas,medio,pessoa
imbecil,medio,pessoa
imbecis,medio,pessoa
burro,medio,pessoa
burra,medio,pessoa
burros,medio,pessoa
burras,medio,pessoa
otario,medio,pessoa
otaria,medio,pessoa
otarios,medio,pessoa
otarias,medio,pessoa
babaca,medio,pessoa
babacas,medio,pessoa
palhaco,medio,pessoa
palhacos,medio,pessoa
palhaca,medio,pessoa
incompetente,leve,pessoa
incompetentes,leve,pessoa
inutil,leve,pessoa
inuteis,leve,pessoa
retardado,pesado,pessoa
retardada,pesado,pessoa
arrombado,pesado,pessoa
arrombada,pesado,pessoa
filhadaputa,pesado,pessoa
filhodaputa,pesado,pessoa
filhosdaputa,pesado,pessoa
fdp,pesado,pessoa
vagabundo,medio,pessoa
vagabunda,medio,pessoa
vagabundos,medio,pessoa
vagabundas,medio,pessoa
cuzao,pesado,pessoa
cuzoes,pesado,pessoa
cuzona,pesado,pessoa
desgracado,pesado,pessoa
desgracada,pesado,pessoa
desgracados,pesado,pessoa
canalha,pesado,pessoa
canalhas,pesado,pessoa
verme,pesado,pessoa
vermes,pesado,pessoa
escroto,pesado,pessoa
escrota,pesado,pessoa
escrotos,pesado,pessoa
mala,leve,pessoa
malas,leve,pessoa
folgado,medio,pessoa
folgada,medio,pessoa
folgados,medio,pessoa
sacana,medio,pessoa
sacanas,medio,pessoa
sem vergonha,medio,pessoa
semvergonha,medio,pessoa
desonesto,medio,pessoa
desonesta,medio,pessoa
mentiroso,medio,pessoa
mentirosa,medio,pessoa
mentirosos,medio,pessoa
picareta,medio,pessoa
picaretas,medio,pessoa
trouxa,leve,pessoa
trouxas,leve,pessoa
molenga,leve,pessoa
molengas,leve,pessoa
preguicoso,leve,pessoa
preguicosa,leve,pessoa
irresponsavel,leve,pessoa
irresponsaveis,leve,pessoa
desinteressado,leve,pessoa
desinteressada,leve,pessoa
despreparado,leve,pessoa
despreparada,leve,pessoa
incapaz,leve,pessoa
incapazes,leve,pessoa
inepto,medio,pessoa
inepta,medio,pessoa
ineptos,medio,pessoa
covarde,medio,pessoa
covardes,medio,pessoa
semnocao,medio,pessoa
grosso,medio,pessoa
grossa,medio,pessoa
grosseiro,medio,pessoa
grosseira,medio,pessoa
prepotente,leve,pessoa
prepotentes,leve,pessoa
arrogante,leve,pessoa
arrogantes,leve,pessoa
insuportavel,medio,pessoa
insuportaveis,medio,pessoa
manipulador,medio,pessoa
manipuladora,medio,pessoa
folgao,medio,pessoa
cretino,pesado,pessoa
cretina,pesado,pessoa
cretinos,pesado,pessoa
